ra,dec,beta_t,min_chi_sq
87.05097932956569,-71.47827751773573,0.00017453292519943296,-52.774199815817326
