ra,dec,beta_t,min_chi_sq
87.05097932956569,-71.47827751773573,0.00020943951023931956,-52.596432599448676
