ra,dec,beta_t,min_chi_sq
87.07104713257488,-71.47249140742468,0.0002879793265790644,-50.78347420146012
