ra,dec,beta_t,min_chi_sq
87.04389734061085,-71.47900077817476,0.0001832595714594046,-51.65223845418938
