ra,dec,beta_t,min_chi_sq
14.960446247464503,-72.33410517325075,0.00013962634015954637,-59.79199813510192
