ra,dec,beta_t,min_chi_sq
14.960140370806121,-72.33482757414004,7.853981633974483e-05,-56.351279255906334
