ra,dec,beta_t,min_chi_sq
14.958618171491166,-72.33518877431933,6.108652381980153e-05,-54.60994974874106
