ra,dec,beta_t,min_chi_sq
14.961053186741855,-72.33482757414004,0.00011344640137963142,-59.26031352465095
