ra,dec,beta_t,min_chi_sq
14.961053186741855,-72.33482757414004,0.0001308996938995747,-59.7545726201388
