ra,dec,beta_t,min_chi_sq
14.961053186741855,-72.33482757414004,0.0001658062789394613,-59.81606985041007
