ra,dec,beta_t,min_chi_sq
90.47196196336178,-66.87249568962474,6.108652381980153e-05,-53.65443134131931
