ra,dec,beta_t,min_chi_sq
87.04656744150037,-71.4786391480483,0.00010471975511965978,-50.32780460188108
