ra,dec,beta_t,min_chi_sq
87.69691408245512,-71.04961375460641,6.981317007977319e-05,-52.01659940946948
