ra,dec,beta_t,min_chi_sq
74.74537700958562,-66.18497794163784,4.363323129985824e-05,-55.65439181133587
