ra,dec,beta_t,min_chi_sq
87.05086517245384,-71.47900077817476,0.00011344640137963142,-51.46444889237142
