ra,dec,beta_t,min_chi_sq
87.07104713257488,-71.47249140742468,0.00034033920413889426,-50.8822275661085
