ra,dec,beta_t,min_chi_sq
87.05620500116126,-71.47827751773573,0.0002443460952792061,-54.48935266355766
