ra,dec,beta_t,min_chi_sq
87.05806077027289,-71.47755425655237,0.00020943951023931956,-53.39703320677812
