ra,dec,beta_t,min_chi_sq
87.04738125653233,-71.47900077817476,0.0001308996938995747,-51.89232350751445
