ra,dec,beta_t,min_chi_sq
87.04738125653233,-71.47900077817476,0.00015707963267948965,-52.44332812005814
