ra,dec,beta_t,min_chi_sq
90.47057818108365,-66.87322431229202,6.981317007977319e-05,-54.231848812939596
