ra,dec,beta_t,min_chi_sq
74.74537700958562,-66.18497794163784,3.490658503988659e-05,-58.67570002048538
