ra,dec,beta_t,min_chi_sq
14.958620689655174,-72.33410517325075,0.0003228859116189509,-56.33204503612315
