ra,dec,beta_t,min_chi_sq
15.752341217433065,-72.09061557156753,3.490658503988659e-05,-57.441519830934496
