ra,dec,beta_t,min_chi_sq
14.960140370806121,-72.33482757414004,8.726646259971648e-05,-57.04579697104513
