ra,dec,beta_t,min_chi_sq
14.959834469328142,-72.33554997432168,0.0002705260340591211,-58.733359356079916
