ra,dec,beta_t,min_chi_sq
14.958620689655174,-72.33410517325075,0.0002443460952792061,-59.66623328948924
