ra,dec,beta_t,min_chi_sq
14.960446247464503,-72.33410517325075,0.00019198621771937625,-59.68555849103495
